/* 회원 db */
insert into kobayMember values(MEMBER_SEQ.NEXTVAL, 'test001@test.com', 'test1234', '홍길동1', '010-0704-2048', '2017-03-15');
insert into kobayMember values(MEMBER_SEQ.NEXTVAL, 'test002@test.com', 'test1234', '홍길동2', '010-2919-6838', '2017-08-21');
insert into kobayMember values(MEMBER_SEQ.NEXTVAL, 'test003@test.com', 'test1234', '홍길동3', '010-8578-7370', '2017-07-15');
insert into kobayMember values(MEMBER_SEQ.NEXTVAL, 'test004@test.com', 'test1234', '홍길동4', '010-1028-4454', '2017-10-07');
insert into kobayMember values(MEMBER_SEQ.NEXTVAL, 'test005@test.com', 'test1234', '홍길동5', '010-5566-2878', '2017-08-04');
insert into kobayMember values(MEMBER_SEQ.NEXTVAL, 'test006@test.com', 'test1234', '홍길동6', '010-9237-5037', '2017-11-19');
insert into kobayMember values(MEMBER_SEQ.NEXTVAL, 'test007@test.com', 'test1234', '홍길동7', '010-7903-5864', '2017-05-15');
insert into kobayMember values(MEMBER_SEQ.NEXTVAL, 'test008@test.com', 'test1234', '홍길동8', '010-9442-0836', '2017-11-20');
insert into kobayMember values(MEMBER_SEQ.NEXTVAL, 'test009@test.com', 'test1234', '홍길동9', '010-1920-2539', '2017-06-20');
insert into kobayMember values(MEMBER_SEQ.NEXTVAL, 'test010@test.com', 'test1234', '홍길동10', '010-7588-6879', '2017-09-05');
insert into kobayMember values(MEMBER_SEQ.NEXTVAL, 'test011@test.com', 'test1234', '홍길동11', '010-6877-7478', '2017-04-20');
insert into kobayMember values(MEMBER_SEQ.NEXTVAL, 'test012@test.com', 'test1234', '홍길동12', '010-1547-7758', '2017-03-06');
insert into kobayMember values(MEMBER_SEQ.NEXTVAL, 'test013@test.com', 'test1234', '홍길동13', '010-5552-0358', '2017-11-04');
insert into kobayMember values(MEMBER_SEQ.NEXTVAL, 'test014@test.com', 'test1234', '홍길동14', '010-7695-3069', '2017-09-10');
insert into kobayMember values(MEMBER_SEQ.NEXTVAL, 'test015@test.com', 'test1234', '홍길동15', '010-1880-9998', '2017-11-20');
insert into kobayMember values(MEMBER_SEQ.NEXTVAL, 'test016@test.com', 'test1234', '홍길동16', '010-7793-9457', '2017-09-20');
insert into kobayMember values(MEMBER_SEQ.NEXTVAL, 'test017@test.com', 'test1234', '홍길동17', '010-6643-2513', '2017-07-18');
insert into kobayMember values(MEMBER_SEQ.NEXTVAL, 'test018@test.com', 'test1234', '홍길동18', '010-6944-2845', '2017-07-27');
insert into kobayMember values(MEMBER_SEQ.NEXTVAL, 'test019@test.com', 'test1234', '홍길동19', '010-5979-0307', '2017-11-12');
insert into kobayMember values(MEMBER_SEQ.NEXTVAL, 'test020@test.com', 'test1234', '홍길동20', '010-8746-2084', '2017-05-30');
insert into kobayMember values(MEMBER_SEQ.NEXTVAL, 'test021@test.com', 'test1234', '홍길동21', '010-9416-9493', '2017-02-01');
insert into kobayMember values(MEMBER_SEQ.NEXTVAL, 'test022@test.com', 'test1234', '홍길동22', '010-9290-1551', '2017-08-15');
insert into kobayMember values(MEMBER_SEQ.NEXTVAL, 'test023@test.com', 'test1234', '홍길동23', '010-6911-3606', '2017-09-14');
insert into kobayMember values(MEMBER_SEQ.NEXTVAL, 'test024@test.com', 'test1234', '홍길동24', '010-9458-8180', '2017-07-07');
insert into kobayMember values(MEMBER_SEQ.NEXTVAL, 'test025@test.com', 'test1234', '홍길동25', '010-6640-7096', '2017-07-25');
insert into kobayMember values(MEMBER_SEQ.NEXTVAL, 'test026@test.com', 'test1234', '홍길동26', '010-5739-4262', '2017-03-04');
insert into kobayMember values(MEMBER_SEQ.NEXTVAL, 'test027@test.com', 'test1234', '홍길동27', '010-1223-9566', '2017-10-12');
insert into kobayMember values(MEMBER_SEQ.NEXTVAL, 'test028@test.com', 'test1234', '홍길동28', '010-0997-5666', '2017-07-01');
insert into kobayMember values(MEMBER_SEQ.NEXTVAL, 'test029@test.com', 'test1234', '홍길동29', '010-0526-0254', '2017-06-06');
insert into kobayMember values(MEMBER_SEQ.NEXTVAL, 'test030@test.com', 'test1234', '홍길동30', '010-3696-2818', '2017-09-03');
insert into kobayMember values(MEMBER_SEQ.NEXTVAL, 'test031@test.com', 'test1234', '홍길동31', '010-3573-1661', '2017-01-30');
insert into kobayMember values(MEMBER_SEQ.NEXTVAL, 'test032@test.com', 'test1234', '홍길동32', '010-6827-1985', '2017-11-08');
insert into kobayMember values(MEMBER_SEQ.NEXTVAL, 'test033@test.com', 'test1234', '홍길동33', '010-8500-6076', '2017-10-05');
insert into kobayMember values(MEMBER_SEQ.NEXTVAL, 'test034@test.com', 'test1234', '홍길동34', '010-7275-3145', '2017-09-25');
insert into kobayMember values(MEMBER_SEQ.NEXTVAL, 'test035@test.com', 'test1234', '홍길동35', '010-8059-5970', '2017-11-04');
insert into kobayMember values(MEMBER_SEQ.NEXTVAL, 'test036@test.com', 'test1234', '홍길동36', '010-8859-6231', '2017-12-04');
insert into kobayMember values(MEMBER_SEQ.NEXTVAL, 'test037@test.com', 'test1234', '홍길동37', '010-4718-2698', '2017-11-22');
insert into kobayMember values(MEMBER_SEQ.NEXTVAL, 'test038@test.com', 'test1234', '홍길동38', '010-5793-3158', '2017-08-06');
insert into kobayMember values(MEMBER_SEQ.NEXTVAL, 'test039@test.com', 'test1234', '홍길동39', '010-0875-6303', '2017-02-19');
insert into kobayMember values(MEMBER_SEQ.NEXTVAL, 'test040@test.com', 'test1234', '홍길동40', '010-5582-7373', '2017-06-06');
insert into kobayMember values(MEMBER_SEQ.NEXTVAL, 'test041@test.com', 'test1234', '홍길동41', '010-6956-7972', '2017-05-11');
insert into kobayMember values(MEMBER_SEQ.NEXTVAL, 'test042@test.com', 'test1234', '홍길동42', '010-2743-6463', '2017-10-27');
insert into kobayMember values(MEMBER_SEQ.NEXTVAL, 'test043@test.com', 'test1234', '홍길동43', '010-3690-7625', '2017-01-27');
insert into kobayMember values(MEMBER_SEQ.NEXTVAL, 'test044@test.com', 'test1234', '홍길동44', '010-1225-0451', '2017-08-04');
insert into kobayMember values(MEMBER_SEQ.NEXTVAL, 'test045@test.com', 'test1234', '홍길동45', '010-2047-1326', '2017-07-14');
insert into kobayMember values(MEMBER_SEQ.NEXTVAL, 'test046@test.com', 'test1234', '홍길동46', '010-7860-0469', '2017-02-26');
insert into kobayMember values(MEMBER_SEQ.NEXTVAL, 'test047@test.com', 'test1234', '홍길동47', '010-6255-4528', '2017-01-27');
insert into kobayMember values(MEMBER_SEQ.NEXTVAL, 'test048@test.com', 'test1234', '홍길동48', '010-4886-4943', '2017-02-19');
insert into kobayMember values(MEMBER_SEQ.NEXTVAL, 'test049@test.com', 'test1234', '홍길동49', '010-3011-4278', '2017-08-03');
insert into kobayMember values(MEMBER_SEQ.NEXTVAL, 'test050@test.com', 'test1234', '홍길동50', '010-9297-1037', '2017-05-05');
insert into kobayMember values(MEMBER_SEQ.NEXTVAL, 'test051@test.com', 'test1234', '홍길동51', '010-2639-0753', '2017-11-06');
insert into kobayMember values(MEMBER_SEQ.NEXTVAL, 'test052@test.com', 'test1234', '홍길동52', '010-1213-6332', '2017-05-30');
insert into kobayMember values(MEMBER_SEQ.NEXTVAL, 'test053@test.com', 'test1234', '홍길동53', '010-2920-6094', '2017-04-22');
insert into kobayMember values(MEMBER_SEQ.NEXTVAL, 'test054@test.com', 'test1234', '홍길동54', '010-2766-5183', '2017-11-20');
insert into kobayMember values(MEMBER_SEQ.NEXTVAL, 'test055@test.com', 'test1234', '홍길동55', '010-2934-8119', '2017-03-11');
insert into kobayMember values(MEMBER_SEQ.NEXTVAL, 'test056@test.com', 'test1234', '홍길동56', '010-3108-9362', '2017-09-05');
insert into kobayMember values(MEMBER_SEQ.NEXTVAL, 'test057@test.com', 'test1234', '홍길동57', '010-6732-5435', '2017-12-11');
insert into kobayMember values(MEMBER_SEQ.NEXTVAL, 'test058@test.com', 'test1234', '홍길동58', '010-4508-3347', '2017-04-07');
insert into kobayMember values(MEMBER_SEQ.NEXTVAL, 'test059@test.com', 'test1234', '홍길동59', '010-5391-9398', '2017-10-14');
insert into kobayMember values(MEMBER_SEQ.NEXTVAL, 'test060@test.com', 'test1234', '홍길동60', '010-2699-4167', '2017-10-26');
insert into kobayMember values(MEMBER_SEQ.NEXTVAL, 'test061@test.com', 'test1234', '홍길동61', '010-1635-7939', '2017-01-21');
insert into kobayMember values(MEMBER_SEQ.NEXTVAL, 'test062@test.com', 'test1234', '홍길동62', '010-8724-6316', '2017-04-01');
insert into kobayMember values(MEMBER_SEQ.NEXTVAL, 'test063@test.com', 'test1234', '홍길동63', '010-7938-2542', '2017-12-19');
insert into kobayMember values(MEMBER_SEQ.NEXTVAL, 'test064@test.com', 'test1234', '홍길동64', '010-0303-2829', '2017-10-10');
insert into kobayMember values(MEMBER_SEQ.NEXTVAL, 'test065@test.com', 'test1234', '홍길동65', '010-1114-3781', '2017-05-25');
insert into kobayMember values(MEMBER_SEQ.NEXTVAL, 'test066@test.com', 'test1234', '홍길동66', '010-2327-9113', '2017-03-13');
insert into kobayMember values(MEMBER_SEQ.NEXTVAL, 'test067@test.com', 'test1234', '홍길동67', '010-7086-7783', '2017-10-18');
insert into kobayMember values(MEMBER_SEQ.NEXTVAL, 'test068@test.com', 'test1234', '홍길동68', '010-3425-7952', '2017-08-02');
insert into kobayMember values(MEMBER_SEQ.NEXTVAL, 'test069@test.com', 'test1234', '홍길동69', '010-5282-6780', '2017-10-24');
insert into kobayMember values(MEMBER_SEQ.NEXTVAL, 'test070@test.com', 'test1234', '홍길동70', '010-8298-9048', '2017-09-15');
insert into kobayMember values(MEMBER_SEQ.NEXTVAL, 'test071@test.com', 'test1234', '홍길동71', '010-5813-7211', '2017-08-26');
insert into kobayMember values(MEMBER_SEQ.NEXTVAL, 'test072@test.com', 'test1234', '홍길동72', '010-3189-6570', '2017-04-24');
insert into kobayMember values(MEMBER_SEQ.NEXTVAL, 'test073@test.com', 'test1234', '홍길동73', '010-4590-9652', '2017-12-27');
insert into kobayMember values(MEMBER_SEQ.NEXTVAL, 'test074@test.com', 'test1234', '홍길동74', '010-9997-8061', '2017-07-30');
insert into kobayMember values(MEMBER_SEQ.NEXTVAL, 'test075@test.com', 'test1234', '홍길동75', '010-4660-9071', '2017-04-26');
insert into kobayMember values(MEMBER_SEQ.NEXTVAL, 'test076@test.com', 'test1234', '홍길동76', '010-0646-7181', '2017-04-05');
insert into kobayMember values(MEMBER_SEQ.NEXTVAL, 'test077@test.com', 'test1234', '홍길동77', '010-3578-7286', '2017-06-15');
insert into kobayMember values(MEMBER_SEQ.NEXTVAL, 'test078@test.com', 'test1234', '홍길동78', '010-3987-1535', '2017-11-12');
insert into kobayMember values(MEMBER_SEQ.NEXTVAL, 'test079@test.com', 'test1234', '홍길동79', '010-2633-6048', '2017-09-12');
insert into kobayMember values(MEMBER_SEQ.NEXTVAL, 'test080@test.com', 'test1234', '홍길동80', '010-7448-7787', '2017-04-15');
insert into kobayMember values(MEMBER_SEQ.NEXTVAL, 'test081@test.com', 'test1234', '홍길동81', '010-3845-6227', '2017-09-09');
insert into kobayMember values(MEMBER_SEQ.NEXTVAL, 'test082@test.com', 'test1234', '홍길동82', '010-0705-6921', '2017-07-29');
insert into kobayMember values(MEMBER_SEQ.NEXTVAL, 'test083@test.com', 'test1234', '홍길동83', '010-4155-6618', '2017-08-09');
insert into kobayMember values(MEMBER_SEQ.NEXTVAL, 'test084@test.com', 'test1234', '홍길동84', '010-9587-0652', '2017-06-15');
insert into kobayMember values(MEMBER_SEQ.NEXTVAL, 'test085@test.com', 'test1234', '홍길동85', '010-0486-9191', '2017-07-02');
insert into kobayMember values(MEMBER_SEQ.NEXTVAL, 'test086@test.com', 'test1234', '홍길동86', '010-1054-3753', '2017-06-05');
insert into kobayMember values(MEMBER_SEQ.NEXTVAL, 'test087@test.com', 'test1234', '홍길동87', '010-2447-2145', '2017-10-07');
insert into kobayMember values(MEMBER_SEQ.NEXTVAL, 'test088@test.com', 'test1234', '홍길동88', '010-8165-4031', '2017-03-30');
insert into kobayMember values(MEMBER_SEQ.NEXTVAL, 'test089@test.com', 'test1234', '홍길동89', '010-6564-6399', '2017-01-11');
insert into kobayMember values(MEMBER_SEQ.NEXTVAL, 'test090@test.com', 'test1234', '홍길동90', '010-3167-7287', '2017-09-12');
insert into kobayMember values(MEMBER_SEQ.NEXTVAL, 'test091@test.com', 'test1234', '홍길동91', '010-1136-2017', '2017-03-15');
insert into kobayMember values(MEMBER_SEQ.NEXTVAL, 'test092@test.com', 'test1234', '홍길동92', '010-4931-1020', '2017-07-19');
insert into kobayMember values(MEMBER_SEQ.NEXTVAL, 'test093@test.com', 'test1234', '홍길동93', '010-7456-4469', '2017-01-04');
insert into kobayMember values(MEMBER_SEQ.NEXTVAL, 'test094@test.com', 'test1234', '홍길동94', '010-3684-7109', '2017-03-31');
insert into kobayMember values(MEMBER_SEQ.NEXTVAL, 'test095@test.com', 'test1234', '홍길동95', '010-5158-9226', '2017-04-27');
insert into kobayMember values(MEMBER_SEQ.NEXTVAL, 'test096@test.com', 'test1234', '홍길동96', '010-6845-0056', '2017-12-08');
insert into kobayMember values(MEMBER_SEQ.NEXTVAL, 'test097@test.com', 'test1234', '홍길동97', '010-4658-6449', '2017-12-28');
insert into kobayMember values(MEMBER_SEQ.NEXTVAL, 'test098@test.com', 'test1234', '홍길동98', '010-8400-1204', '2017-10-21');
insert into kobayMember values(MEMBER_SEQ.NEXTVAL, 'test099@test.com', 'test1234', '홍길동99', '010-4651-4025', '2017-02-12');
insert into kobayMember values(MEMBER_SEQ.NEXTVAL, 'test100@test.com', 'test1234', '홍길동100', '010-0142-8284', '2017-07-30');


/* 카테고리 */
insert into aucCategory values('A01', '패션');
insert into aucCategory values('A0101', '남성의류');
insert into aucCategory values('A0102', '남성잡화');
insert into aucCategory values('A0103', '여성의류');
insert into aucCategory values('A0104', '여성잡화');
insert into aucCategory values('A0105', '핸드백/가방');
insert into aucCategory values('A0106', '주니어/유아');
insert into aucCategory values('A0107', '시계/주얼리');
insert into aucCategory values('A0108', '뷰티/헬스');
insert into aucCategory values('A0109', '테마/시즌');
insert into aucCategory values('A02', '모터스');
insert into aucCategory values('A0201', '휴대폰/악세사리');
insert into aucCategory values('A0202', '카메라');
insert into aucCategory values('A0203', '컴퓨터/태블릿');
insert into aucCategory values('A0204', 'MP3/휴대폰');
insert into aucCategory values('A0205', 'TV/오디오');
insert into aucCategory values('A0206', '게임');
insert into aucCategory values('A0207', '기타');
insert into aucCategory values('A03', '디지털');
insert into aucCategory values('A0301', '자전거/사이클');
insert into aucCategory values('A0302', '자동차');
insert into aucCategory values('A0303', 'atv');
insert into aucCategory values('A0304', '보트');
insert into aucCategory values('A0305', '트레일러');
insert into aucCategory values('A0306', '차량용공구');
insert into aucCategory values('A0307', '자동차용품');
insert into aucCategory values('A04', '수집/예술');
insert into aucCategory values('A0401', '엔틱제품');
insert into aucCategory values('A0402', '예술품');
insert into aucCategory values('A0403', '수집용품');
insert into aucCategory values('A0404', '코믹스');
insert into aucCategory values('A0405', '인형');
insert into aucCategory values('A0406', '기념품');
insert into aucCategory values('A0407', '악기/음향장비');
insert into aucCategory values('A05', '홈가든');
insert into aucCategory values('A0501', '욕실용품');
insert into aucCategory values('A0502', '침실용품');
insert into aucCategory values('A0503', 'DIY리빙');
insert into aucCategory values('A0504', '수납용품');
insert into aucCategory values('A0505', '주방용품');
insert into aucCategory values('A0506', '애완용품');
insert into aucCategory values('A0507', '공구');
insert into aucCategory values('A0508', '야외용품');
insert into aucCategory values('A0509', '산업용품');
insert into aucCategory values('A06', '스포츠');
insert into aucCategory values('A0601', '낚시');
insert into aucCategory values('A0602', '사이클');
insert into aucCategory values('A0603', '피트니스/요가');
insert into aucCategory values('A0604', '구기종목');
insert into aucCategory values('A0605', '실내스포츠');
insert into aucCategory values('A0606', '캠핑/하이킹');
insert into aucCategory values('A07', '취미');
insert into aucCategory values('A0701', '피규어');
insert into aucCategory values('A0702', '교육용완구');
insert into aucCategory values('A0703', '코스튬');
insert into aucCategory values('A0704', '퍼즐');
insert into aucCategory values('A0705', '게임');



/* 경매 게시글 */

insert into kobayAuction( memberUnq, auctionUnq, lCtg, mCtg, sDate, eDate, aucTitle, sPrice, deliveryWay, deliveryFee, sellerName, sellerPhone, aucDetail ) values( 88, auction_seq.nextval, 'A01', 'A0105', to_date('2017-10-14 16:30:00', 'YYYY-MM-DD HH24:MI:SS'), to_date('2017-10-23 04:00:00', 'YYYY-MM-DD HH24:MI:SS'), '경매물품 001', 1000, 0,  2500, '홍길동15', '010-6993-6632', '경매물품 001 - 상세내용입니다');
insert into kobayAuction( memberUnq, auctionUnq, lCtg, mCtg, sDate, eDate, aucTitle, sPrice, deliveryWay, deliveryFee, sellerName, sellerPhone, aucDetail ) values( 62, auction_seq.nextval, 'A02', 'A0202', to_date('2017-10-17 22:30:00', 'YYYY-MM-DD HH24:MI:SS'), to_date('2017-10-26 10:30:00', 'YYYY-MM-DD HH24:MI:SS'), '경매물품 002', 2000, 0,  0, '홍길동64', '010-7477-9986', '경매물품 002 - 상세내용입니다');
insert into kobayAuction( memberUnq, auctionUnq, lCtg, mCtg, sDate, eDate, aucTitle, sPrice, deliveryWay, deliveryFee, sellerName, sellerPhone, aucDetail ) values( 55, auction_seq.nextval, 'A01', 'A0108', to_date('2017-10-25 23:00:00', 'YYYY-MM-DD HH24:MI:SS'), to_date('2017-11-03 22:30:00', 'YYYY-MM-DD HH24:MI:SS'), '경매물품 003', 5000, 1,  0, '홍길동74', '010-5993-8974', '경매물품 003 - 상세내용입니다');
insert into kobayAuction( memberUnq, auctionUnq, lCtg, mCtg, sDate, eDate, aucTitle, sPrice, deliveryWay, deliveryFee, sellerName, sellerPhone, aucDetail ) values( 61, auction_seq.nextval, 'A02', 'A0207', to_date('2017-10-14 03:00:00', 'YYYY-MM-DD HH24:MI:SS'), to_date('2017-10-23 20:00:00', 'YYYY-MM-DD HH24:MI:SS'), '경매물품 004', 3000, 0,  2500, '홍길동89', '010-9560-7558', '경매물품 004 - 상세내용입니다');
insert into kobayAuction( memberUnq, auctionUnq, lCtg, mCtg, sDate, eDate, aucTitle, sPrice, deliveryWay, deliveryFee, sellerName, sellerPhone, aucDetail ) values( 26, auction_seq.nextval, 'A07', 'A0705', to_date('2017-10-19 08:00:00', 'YYYY-MM-DD HH24:MI:SS'), to_date('2017-10-28 01:30:00', 'YYYY-MM-DD HH24:MI:SS'), '경매물품 005', 15000, 0,  3000, '홍길동37', '010-4209-7058', '경매물품 005 - 상세내용입니다');
insert into kobayAuction( memberUnq, auctionUnq, lCtg, mCtg, sDate, eDate, aucTitle, sPrice, deliveryWay, deliveryFee, sellerName, sellerPhone, aucDetail ) values( 65, auction_seq.nextval, 'A02', 'A0201', to_date('2017-10-01 21:00:00', 'YYYY-MM-DD HH24:MI:SS'), to_date('2017-10-10 20:30:00', 'YYYY-MM-DD HH24:MI:SS'), '경매물품 006', 30000, 0,  0, '홍길동78', '010-6232-4363', '경매물품 006 - 상세내용입니다');
insert into kobayAuction( memberUnq, auctionUnq, lCtg, mCtg, sDate, eDate, aucTitle, sPrice, deliveryWay, deliveryFee, sellerName, sellerPhone, aucDetail ) values( 49, auction_seq.nextval, 'A06', 'A0606', to_date('2017-10-16 13:30:00', 'YYYY-MM-DD HH24:MI:SS'), to_date('2017-10-25 14:30:00', 'YYYY-MM-DD HH24:MI:SS'), '경매물품 007', 10000, 0,  3000, '홍길동78', '010-7753-9855', '경매물품 007 - 상세내용입니다');
insert into kobayAuction( memberUnq, auctionUnq, lCtg, mCtg, sDate, eDate, aucTitle, sPrice, deliveryWay, deliveryFee, sellerName, sellerPhone, aucDetail ) values( 38, auction_seq.nextval, 'A05', 'A0502', to_date('2017-10-30 03:00:00', 'YYYY-MM-DD HH24:MI:SS'), to_date('2017-11-08 12:00:00', 'YYYY-MM-DD HH24:MI:SS'), '경매물품 008', 500, 0,  3500, '홍길동91', '010-2061-0139', '경매물품 008 - 상세내용입니다');
insert into kobayAuction( memberUnq, auctionUnq, lCtg, mCtg, sDate, eDate, aucTitle, sPrice, deliveryWay, deliveryFee, sellerName, sellerPhone, aucDetail ) values( 8, auction_seq.nextval, 'A02', 'A0205', to_date('2017-10-16 22:00:00', 'YYYY-MM-DD HH24:MI:SS'), to_date('2017-10-25 18:00:00', 'YYYY-MM-DD HH24:MI:SS'), '경매물품 009', 15000, 0,  0, '홍길동23', '010-2749-6221', '경매물품 009 - 상세내용입니다');
insert into kobayAuction( memberUnq, auctionUnq, lCtg, mCtg, sDate, eDate, aucTitle, sPrice, deliveryWay, deliveryFee, sellerName, sellerPhone, aucDetail ) values( 79, auction_seq.nextval, 'A01', 'A0104', to_date('2017-09-20 22:00:00', 'YYYY-MM-DD HH24:MI:SS'), to_date('2017-09-29 08:00:00', 'YYYY-MM-DD HH24:MI:SS'), '경매물품 010', 3000, 0,  2500, '홍길동68', '010-1416-4402', '경매물품 010 - 상세내용입니다');
insert into kobayAuction( memberUnq, auctionUnq, lCtg, mCtg, sDate, eDate, aucTitle, sPrice, deliveryWay, deliveryFee, sellerName, sellerPhone, aucDetail ) values( 31, auction_seq.nextval, 'A05', 'A0508', to_date('2017-10-18 13:00:00', 'YYYY-MM-DD HH24:MI:SS'), to_date('2017-10-27 06:00:00', 'YYYY-MM-DD HH24:MI:SS'), '경매물품 011', 10000, 0,  3500, '홍길동70', '010-1760-1993', '경매물품 011 - 상세내용입니다');
insert into kobayAuction( memberUnq, auctionUnq, lCtg, mCtg, sDate, eDate, aucTitle, sPrice, deliveryWay, deliveryFee, sellerName, sellerPhone, aucDetail ) values( 24, auction_seq.nextval, 'A05', 'A0508', to_date('2017-10-18 01:00:00', 'YYYY-MM-DD HH24:MI:SS'), to_date('2017-10-27 17:00:00', 'YYYY-MM-DD HH24:MI:SS'), '경매물품 012', 1000, 0,  0, '홍길동90', '010-1152-0888', '경매물품 012 - 상세내용입니다');
insert into kobayAuction( memberUnq, auctionUnq, lCtg, mCtg, sDate, eDate, aucTitle, sPrice, deliveryWay, deliveryFee, sellerName, sellerPhone, aucDetail ) values( 43, auction_seq.nextval, 'A03', 'A0307', to_date('2017-11-29 01:00:00', 'YYYY-MM-DD HH24:MI:SS'), to_date('2017-12-08 01:00:00', 'YYYY-MM-DD HH24:MI:SS'), '경매물품 013', 1000, 0,  3000, '홍길동36', '010-7881-8547', '경매물품 013 - 상세내용입니다');
insert into kobayAuction( memberUnq, auctionUnq, lCtg, mCtg, sDate, eDate, aucTitle, sPrice, deliveryWay, deliveryFee, sellerName, sellerPhone, aucDetail ) values( 86, auction_seq.nextval, 'A02', 'A0204', to_date('2017-10-11 17:30:00', 'YYYY-MM-DD HH24:MI:SS'), to_date('2017-10-20 21:00:00', 'YYYY-MM-DD HH24:MI:SS'), '경매물품 014', 30000, 0,  0, '홍길동29', '010-2873-0155', '경매물품 014 - 상세내용입니다');
insert into kobayAuction( memberUnq, auctionUnq, lCtg, mCtg, sDate, eDate, aucTitle, sPrice, deliveryWay, deliveryFee, sellerName, sellerPhone, aucDetail ) values( 25, auction_seq.nextval, 'A06', 'A0605', to_date('2017-10-25 20:00:00', 'YYYY-MM-DD HH24:MI:SS'), to_date('2017-11-03 13:00:00', 'YYYY-MM-DD HH24:MI:SS'), '경매물품 015', 5000, 1,  0, '홍길동86', '010-7866-0367', '경매물품 015 - 상세내용입니다');
insert into kobayAuction( memberUnq, auctionUnq, lCtg, mCtg, sDate, eDate, aucTitle, sPrice, deliveryWay, deliveryFee, sellerName, sellerPhone, aucDetail ) values( 68, auction_seq.nextval, 'A04', 'A0404', to_date('2017-10-18 11:00:00', 'YYYY-MM-DD HH24:MI:SS'), to_date('2017-10-27 23:00:00', 'YYYY-MM-DD HH24:MI:SS'), '경매물품 016', 10000, 0,  3000, '홍길동77', '010-4983-2446', '경매물품 016 - 상세내용입니다');
insert into kobayAuction( memberUnq, auctionUnq, lCtg, mCtg, sDate, eDate, aucTitle, sPrice, deliveryWay, deliveryFee, sellerName, sellerPhone, aucDetail ) values( 71, auction_seq.nextval, 'A03', 'A0306', to_date('2017-10-28 16:00:00', 'YYYY-MM-DD HH24:MI:SS'), to_date('2017-11-06 17:30:00', 'YYYY-MM-DD HH24:MI:SS'), '경매물품 017', 1000, 1,  0, '홍길동96', '010-7638-3098', '경매물품 017 - 상세내용입니다');
insert into kobayAuction( memberUnq, auctionUnq, lCtg, mCtg, sDate, eDate, aucTitle, sPrice, deliveryWay, deliveryFee, sellerName, sellerPhone, aucDetail ) values( 13, auction_seq.nextval, 'A06', 'A0602', to_date('2017-10-22 11:00:00', 'YYYY-MM-DD HH24:MI:SS'), to_date('2017-10-31 14:30:00', 'YYYY-MM-DD HH24:MI:SS'), '경매물품 018', 10000, 0,  3000, '홍길동74', '010-8591-5204', '경매물품 018 - 상세내용입니다');
insert into kobayAuction( memberUnq, auctionUnq, lCtg, mCtg, sDate, eDate, aucTitle, sPrice, deliveryWay, deliveryFee, sellerName, sellerPhone, aucDetail ) values( 46, auction_seq.nextval, 'A06', 'A0604', to_date('2017-11-02 05:30:00', 'YYYY-MM-DD HH24:MI:SS'), to_date('2017-11-11 20:30:00', 'YYYY-MM-DD HH24:MI:SS'), '경매물품 019', 15000, 1,  0, '홍길동18', '010-6654-6240', '경매물품 019 - 상세내용입니다');
insert into kobayAuction( memberUnq, auctionUnq, lCtg, mCtg, sDate, eDate, aucTitle, sPrice, deliveryWay, deliveryFee, sellerName, sellerPhone, aucDetail ) values( 34, auction_seq.nextval, 'A03', 'A0301', to_date('2017-10-18 04:30:00', 'YYYY-MM-DD HH24:MI:SS'), to_date('2017-10-27 13:00:00', 'YYYY-MM-DD HH24:MI:SS'), '경매물품 020', 500, 0,  2500, '홍길동26', '010-5170-5178', '경매물품 020 - 상세내용입니다');
insert into kobayAuction( memberUnq, auctionUnq, lCtg, mCtg, sDate, eDate, aucTitle, sPrice, deliveryWay, deliveryFee, sellerName, sellerPhone, aucDetail ) values( 8, auction_seq.nextval, 'A02', 'A0202', to_date('2017-11-14 06:30:00', 'YYYY-MM-DD HH24:MI:SS'), to_date('2017-11-23 22:00:00', 'YYYY-MM-DD HH24:MI:SS'), '경매물품 021', 30000, 0,  2000, '홍길동22', '010-9377-3426', '경매물품 021 - 상세내용입니다');
insert into kobayAuction( memberUnq, auctionUnq, lCtg, mCtg, sDate, eDate, aucTitle, sPrice, deliveryWay, deliveryFee, sellerName, sellerPhone, aucDetail ) values( 76, auction_seq.nextval, 'A07', 'A0704', to_date('2017-09-18 18:00:00', 'YYYY-MM-DD HH24:MI:SS'), to_date('2017-09-27 22:00:00', 'YYYY-MM-DD HH24:MI:SS'), '경매물품 022', 1000, 0,  2500, '홍길동18', '010-3175-7460', '경매물품 022 - 상세내용입니다');
insert into kobayAuction( memberUnq, auctionUnq, lCtg, mCtg, sDate, eDate, aucTitle, sPrice, deliveryWay, deliveryFee, sellerName, sellerPhone, aucDetail ) values( 43, auction_seq.nextval, 'A07', 'A0705', to_date('2017-09-23 18:30:00', 'YYYY-MM-DD HH24:MI:SS'), to_date('2017-10-02 11:30:00', 'YYYY-MM-DD HH24:MI:SS'), '경매물품 023', 30000, 0,  2500, '홍길동46', '010-6579-6548', '경매물품 023 - 상세내용입니다');
insert into kobayAuction( memberUnq, auctionUnq, lCtg, mCtg, sDate, eDate, aucTitle, sPrice, deliveryWay, deliveryFee, sellerName, sellerPhone, aucDetail ) values( 89, auction_seq.nextval, 'A06', 'A0605', to_date('2017-10-20 02:30:00', 'YYYY-MM-DD HH24:MI:SS'), to_date('2017-10-29 07:00:00', 'YYYY-MM-DD HH24:MI:SS'), '경매물품 024', 500, 1,  0, '홍길동76', '010-9648-3800', '경매물품 024 - 상세내용입니다');
insert into kobayAuction( memberUnq, auctionUnq, lCtg, mCtg, sDate, eDate, aucTitle, sPrice, deliveryWay, deliveryFee, sellerName, sellerPhone, aucDetail ) values( 56, auction_seq.nextval, 'A04', 'A0404', to_date('2017-10-26 23:00:00', 'YYYY-MM-DD HH24:MI:SS'), to_date('2017-11-04 18:00:00', 'YYYY-MM-DD HH24:MI:SS'), '경매물품 025', 5000, 0,  0, '홍길동22', '010-6497-3291', '경매물품 025 - 상세내용입니다');
insert into kobayAuction( memberUnq, auctionUnq, lCtg, mCtg, sDate, eDate, aucTitle, sPrice, deliveryWay, deliveryFee, sellerName, sellerPhone, aucDetail ) values( 48, auction_seq.nextval, 'A07', 'A0702', to_date('2017-10-01 07:30:00', 'YYYY-MM-DD HH24:MI:SS'), to_date('2017-10-10 00:30:00', 'YYYY-MM-DD HH24:MI:SS'), '경매물품 026', 10000, 1,  0, '홍길동60', '010-7807-1791', '경매물품 026 - 상세내용입니다');
insert into kobayAuction( memberUnq, auctionUnq, lCtg, mCtg, sDate, eDate, aucTitle, sPrice, deliveryWay, deliveryFee, sellerName, sellerPhone, aucDetail ) values( 1, auction_seq.nextval, 'A03', 'A0306', to_date('2017-11-04 04:00:00', 'YYYY-MM-DD HH24:MI:SS'), to_date('2017-11-13 01:00:00', 'YYYY-MM-DD HH24:MI:SS'), '경매물품 027', 2000, 0,  3000, '홍길동9', '010-4664-0571', '경매물품 027 - 상세내용입니다');
insert into kobayAuction( memberUnq, auctionUnq, lCtg, mCtg, sDate, eDate, aucTitle, sPrice, deliveryWay, deliveryFee, sellerName, sellerPhone, aucDetail ) values( 81, auction_seq.nextval, 'A05', 'A0502', to_date('2017-10-14 09:00:00', 'YYYY-MM-DD HH24:MI:SS'), to_date('2017-10-23 22:30:00', 'YYYY-MM-DD HH24:MI:SS'), '경매물품 028', 15000, 0,  2500, '홍길동20', '010-2808-2632', '경매물품 028 - 상세내용입니다');
insert into kobayAuction( memberUnq, auctionUnq, lCtg, mCtg, sDate, eDate, aucTitle, sPrice, deliveryWay, deliveryFee, sellerName, sellerPhone, aucDetail ) values( 78, auction_seq.nextval, 'A02', 'A0202', to_date('2017-11-05 16:30:00', 'YYYY-MM-DD HH24:MI:SS'), to_date('2017-11-14 10:30:00', 'YYYY-MM-DD HH24:MI:SS'), '경매물품 029', 20000, 1,  0, '홍길동95', '010-8035-0114', '경매물품 029 - 상세내용입니다');
insert into kobayAuction( memberUnq, auctionUnq, lCtg, mCtg, sDate, eDate, aucTitle, sPrice, deliveryWay, deliveryFee, sellerName, sellerPhone, aucDetail ) values( 35, auction_seq.nextval, 'A05', 'A0504', to_date('2017-10-27 19:30:00', 'YYYY-MM-DD HH24:MI:SS'), to_date('2017-11-05 23:30:00', 'YYYY-MM-DD HH24:MI:SS'), '경매물품 030', 20000, 0,  0, '홍길동91', '010-7515-8893', '경매물품 030 - 상세내용입니다');
insert into kobayAuction( memberUnq, auctionUnq, lCtg, mCtg, sDate, eDate, aucTitle, sPrice, deliveryWay, deliveryFee, sellerName, sellerPhone, aucDetail ) values( 6, auction_seq.nextval, 'A02', 'A0206', to_date('2017-09-01 05:00:00', 'YYYY-MM-DD HH24:MI:SS'), to_date('2017-09-10 01:30:00', 'YYYY-MM-DD HH24:MI:SS'), '경매물품 031', 15000, 0,  0, '홍길동28', '010-9811-7933', '경매물품 031 - 상세내용입니다');
insert into kobayAuction( memberUnq, auctionUnq, lCtg, mCtg, sDate, eDate, aucTitle, sPrice, deliveryWay, deliveryFee, sellerName, sellerPhone, aucDetail ) values( 72, auction_seq.nextval, 'A02', 'A0205', to_date('2017-10-14 21:00:00', 'YYYY-MM-DD HH24:MI:SS'), to_date('2017-10-23 06:30:00', 'YYYY-MM-DD HH24:MI:SS'), '경매물품 032', 2000, 0,  3500, '홍길동22', '010-4359-8581', '경매물품 032 - 상세내용입니다');
insert into kobayAuction( memberUnq, auctionUnq, lCtg, mCtg, sDate, eDate, aucTitle, sPrice, deliveryWay, deliveryFee, sellerName, sellerPhone, aucDetail ) values( 91, auction_seq.nextval, 'A07', 'A0703', to_date('2017-10-02 15:00:00', 'YYYY-MM-DD HH24:MI:SS'), to_date('2017-10-11 14:00:00', 'YYYY-MM-DD HH24:MI:SS'), '경매물품 033', 3000, 0,  3000, '홍길동70', '010-9781-7939', '경매물품 033 - 상세내용입니다');
insert into kobayAuction( memberUnq, auctionUnq, lCtg, mCtg, sDate, eDate, aucTitle, sPrice, deliveryWay, deliveryFee, sellerName, sellerPhone, aucDetail ) values( 14, auction_seq.nextval, 'A06', 'A0602', to_date('2017-10-11 15:00:00', 'YYYY-MM-DD HH24:MI:SS'), to_date('2017-10-20 03:30:00', 'YYYY-MM-DD HH24:MI:SS'), '경매물품 034', 3000, 0,  2500, '홍길동22', '010-7422-9380', '경매물품 034 - 상세내용입니다');
insert into kobayAuction( memberUnq, auctionUnq, lCtg, mCtg, sDate, eDate, aucTitle, sPrice, deliveryWay, deliveryFee, sellerName, sellerPhone, aucDetail ) values( 57, auction_seq.nextval, 'A01', 'A0102', to_date('2017-10-06 19:30:00', 'YYYY-MM-DD HH24:MI:SS'), to_date('2017-10-15 23:00:00', 'YYYY-MM-DD HH24:MI:SS'), '경매물품 035', 500, 0,  3000, '홍길동26', '010-0758-9920', '경매물품 035 - 상세내용입니다');
insert into kobayAuction( memberUnq, auctionUnq, lCtg, mCtg, sDate, eDate, aucTitle, sPrice, deliveryWay, deliveryFee, sellerName, sellerPhone, aucDetail ) values( 14, auction_seq.nextval, 'A02', 'A0206', to_date('2017-10-29 17:30:00', 'YYYY-MM-DD HH24:MI:SS'), to_date('2017-11-07 17:00:00', 'YYYY-MM-DD HH24:MI:SS'), '경매물품 036', 10000, 0,  3500, '홍길동67', '010-6245-4798', '경매물품 036 - 상세내용입니다');
insert into kobayAuction( memberUnq, auctionUnq, lCtg, mCtg, sDate, eDate, aucTitle, sPrice, deliveryWay, deliveryFee, sellerName, sellerPhone, aucDetail ) values( 64, auction_seq.nextval, 'A04', 'A0405', to_date('2017-11-11 08:30:00', 'YYYY-MM-DD HH24:MI:SS'), to_date('2017-11-20 05:00:00', 'YYYY-MM-DD HH24:MI:SS'), '경매물품 037', 5000, 0,  0, '홍길동82', '010-1581-8549', '경매물품 037 - 상세내용입니다');
insert into kobayAuction( memberUnq, auctionUnq, lCtg, mCtg, sDate, eDate, aucTitle, sPrice, deliveryWay, deliveryFee, sellerName, sellerPhone, aucDetail ) values( 6, auction_seq.nextval, 'A05', 'A0505', to_date('2017-10-10 00:30:00', 'YYYY-MM-DD HH24:MI:SS'), to_date('2017-10-19 19:30:00', 'YYYY-MM-DD HH24:MI:SS'), '경매물품 038', 15000, 0,  0, '홍길동52', '010-7104-0770', '경매물품 038 - 상세내용입니다');
insert into kobayAuction( memberUnq, auctionUnq, lCtg, mCtg, sDate, eDate, aucTitle, sPrice, deliveryWay, deliveryFee, sellerName, sellerPhone, aucDetail ) values( 93, auction_seq.nextval, 'A01', 'A0102', to_date('2017-10-19 01:00:00', 'YYYY-MM-DD HH24:MI:SS'), to_date('2017-10-28 11:00:00', 'YYYY-MM-DD HH24:MI:SS'), '경매물품 039', 5000, 0,  3000, '홍길동96', '010-4483-5403', '경매물품 039 - 상세내용입니다');
insert into kobayAuction( memberUnq, auctionUnq, lCtg, mCtg, sDate, eDate, aucTitle, sPrice, deliveryWay, deliveryFee, sellerName, sellerPhone, aucDetail ) values( 44, auction_seq.nextval, 'A05', 'A0506', to_date('2017-10-22 20:00:00', 'YYYY-MM-DD HH24:MI:SS'), to_date('2017-10-31 10:30:00', 'YYYY-MM-DD HH24:MI:SS'), '경매물품 040', 2000, 0,  0, '홍길동25', '010-7895-1454', '경매물품 040 - 상세내용입니다');
insert into kobayAuction( memberUnq, auctionUnq, lCtg, mCtg, sDate, eDate, aucTitle, sPrice, deliveryWay, deliveryFee, sellerName, sellerPhone, aucDetail ) values( 71, auction_seq.nextval, 'A01', 'A0106', to_date('2017-10-20 04:00:00', 'YYYY-MM-DD HH24:MI:SS'), to_date('2017-10-29 01:30:00', 'YYYY-MM-DD HH24:MI:SS'), '경매물품 041', 2000, 0,  2000, '홍길동74', '010-0946-7596', '경매물품 041 - 상세내용입니다');
insert into kobayAuction( memberUnq, auctionUnq, lCtg, mCtg, sDate, eDate, aucTitle, sPrice, deliveryWay, deliveryFee, sellerName, sellerPhone, aucDetail ) values( 77, auction_seq.nextval, 'A05', 'A0508', to_date('2017-10-10 15:30:00', 'YYYY-MM-DD HH24:MI:SS'), to_date('2017-10-19 19:30:00', 'YYYY-MM-DD HH24:MI:SS'), '경매물품 042', 10000, 0,  3500, '홍길동70', '010-8464-7646', '경매물품 042 - 상세내용입니다');
insert into kobayAuction( memberUnq, auctionUnq, lCtg, mCtg, sDate, eDate, aucTitle, sPrice, deliveryWay, deliveryFee, sellerName, sellerPhone, aucDetail ) values( 14, auction_seq.nextval, 'A02', 'A0202', to_date('2017-10-17 22:00:00', 'YYYY-MM-DD HH24:MI:SS'), to_date('2017-10-26 17:00:00', 'YYYY-MM-DD HH24:MI:SS'), '경매물품 043', 20000, 0,  2000, '홍길동40', '010-0404-2003', '경매물품 043 - 상세내용입니다');
insert into kobayAuction( memberUnq, auctionUnq, lCtg, mCtg, sDate, eDate, aucTitle, sPrice, deliveryWay, deliveryFee, sellerName, sellerPhone, aucDetail ) values( 74, auction_seq.nextval, 'A02', 'A0201', to_date('2017-10-04 18:00:00', 'YYYY-MM-DD HH24:MI:SS'), to_date('2017-10-13 06:00:00', 'YYYY-MM-DD HH24:MI:SS'), '경매물품 044', 5000, 0,  3000, '홍길동48', '010-1974-1676', '경매물품 044 - 상세내용입니다');
insert into kobayAuction( memberUnq, auctionUnq, lCtg, mCtg, sDate, eDate, aucTitle, sPrice, deliveryWay, deliveryFee, sellerName, sellerPhone, aucDetail ) values( 46, auction_seq.nextval, 'A01', 'A0109', to_date('2017-10-07 03:30:00', 'YYYY-MM-DD HH24:MI:SS'), to_date('2017-10-16 21:00:00', 'YYYY-MM-DD HH24:MI:SS'), '경매물품 045', 30000, 0,  3500, '홍길동22', '010-7197-8672', '경매물품 045 - 상세내용입니다');
insert into kobayAuction( memberUnq, auctionUnq, lCtg, mCtg, sDate, eDate, aucTitle, sPrice, deliveryWay, deliveryFee, sellerName, sellerPhone, aucDetail ) values( 26, auction_seq.nextval, 'A07', 'A0702', to_date('2017-10-28 02:00:00', 'YYYY-MM-DD HH24:MI:SS'), to_date('2017-11-06 16:30:00', 'YYYY-MM-DD HH24:MI:SS'), '경매물품 046', 15000, 0,  3500, '홍길동14', '010-7702-2071', '경매물품 046 - 상세내용입니다');
insert into kobayAuction( memberUnq, auctionUnq, lCtg, mCtg, sDate, eDate, aucTitle, sPrice, deliveryWay, deliveryFee, sellerName, sellerPhone, aucDetail ) values( 76, auction_seq.nextval, 'A03', 'A0302', to_date('2017-10-29 09:00:00', 'YYYY-MM-DD HH24:MI:SS'), to_date('2017-11-07 11:00:00', 'YYYY-MM-DD HH24:MI:SS'), '경매물품 047', 5000, 0,  2000, '홍길동47', '010-3331-0272', '경매물품 047 - 상세내용입니다');
insert into kobayAuction( memberUnq, auctionUnq, lCtg, mCtg, sDate, eDate, aucTitle, sPrice, deliveryWay, deliveryFee, sellerName, sellerPhone, aucDetail ) values( 53, auction_seq.nextval, 'A04', 'A0406', to_date('2017-10-24 01:30:00', 'YYYY-MM-DD HH24:MI:SS'), to_date('2017-11-02 09:00:00', 'YYYY-MM-DD HH24:MI:SS'), '경매물품 048', 1000, 0,  2500, '홍길동87', '010-9364-3113', '경매물품 048 - 상세내용입니다');
insert into kobayAuction( memberUnq, auctionUnq, lCtg, mCtg, sDate, eDate, aucTitle, sPrice, deliveryWay, deliveryFee, sellerName, sellerPhone, aucDetail ) values( 60, auction_seq.nextval, 'A04', 'A0406', to_date('2017-10-28 16:30:00', 'YYYY-MM-DD HH24:MI:SS'), to_date('2017-11-06 13:30:00', 'YYYY-MM-DD HH24:MI:SS'), '경매물품 049', 500, 0,  2500, '홍길동19', '010-5775-0315', '경매물품 049 - 상세내용입니다');
insert into kobayAuction( memberUnq, auctionUnq, lCtg, mCtg, sDate, eDate, aucTitle, sPrice, deliveryWay, deliveryFee, sellerName, sellerPhone, aucDetail ) values( 26, auction_seq.nextval, 'A07', 'A0704', to_date('2017-09-11 14:00:00', 'YYYY-MM-DD HH24:MI:SS'), to_date('2017-09-20 13:00:00', 'YYYY-MM-DD HH24:MI:SS'), '경매물품 050', 15000, 0,  0, '홍길동67', '010-5219-5621', '경매물품 050 - 상세내용입니다');
insert into kobayAuction( memberUnq, auctionUnq, lCtg, mCtg, sDate, eDate, aucTitle, sPrice, deliveryWay, deliveryFee, sellerName, sellerPhone, aucDetail ) values( 9, auction_seq.nextval, 'A04', 'A0401', to_date('2017-10-04 17:30:00', 'YYYY-MM-DD HH24:MI:SS'), to_date('2017-10-13 22:30:00', 'YYYY-MM-DD HH24:MI:SS'), '경매물품 051', 500, 0,  2500, '홍길동75', '010-6523-2108', '경매물품 051 - 상세내용입니다');
insert into kobayAuction( memberUnq, auctionUnq, lCtg, mCtg, sDate, eDate, aucTitle, sPrice, deliveryWay, deliveryFee, sellerName, sellerPhone, aucDetail ) values( 2, auction_seq.nextval, 'A06', 'A0606', to_date('2017-09-05 01:30:00', 'YYYY-MM-DD HH24:MI:SS'), to_date('2017-09-14 05:00:00', 'YYYY-MM-DD HH24:MI:SS'), '경매물품 052', 30000, 0,  3500, '홍길동9', '010-8830-6974', '경매물품 052 - 상세내용입니다');
insert into kobayAuction( memberUnq, auctionUnq, lCtg, mCtg, sDate, eDate, aucTitle, sPrice, deliveryWay, deliveryFee, sellerName, sellerPhone, aucDetail ) values( 76, auction_seq.nextval, 'A01', 'A0107', to_date('2017-10-18 23:30:00', 'YYYY-MM-DD HH24:MI:SS'), to_date('2017-10-27 15:00:00', 'YYYY-MM-DD HH24:MI:SS'), '경매물품 053', 1000, 1,  0, '홍길동50', '010-2264-2876', '경매물품 053 - 상세내용입니다');
insert into kobayAuction( memberUnq, auctionUnq, lCtg, mCtg, sDate, eDate, aucTitle, sPrice, deliveryWay, deliveryFee, sellerName, sellerPhone, aucDetail ) values( 37, auction_seq.nextval, 'A01', 'A0106', to_date('2017-11-21 07:00:00', 'YYYY-MM-DD HH24:MI:SS'), to_date('2017-11-30 18:00:00', 'YYYY-MM-DD HH24:MI:SS'), '경매물품 054', 20000, 0,  2000, '홍길동8', '010-8767-7236', '경매물품 054 - 상세내용입니다');
insert into kobayAuction( memberUnq, auctionUnq, lCtg, mCtg, sDate, eDate, aucTitle, sPrice, deliveryWay, deliveryFee, sellerName, sellerPhone, aucDetail ) values( 84, auction_seq.nextval, 'A07', 'A0702', to_date('2017-10-17 08:30:00', 'YYYY-MM-DD HH24:MI:SS'), to_date('2017-10-26 05:00:00', 'YYYY-MM-DD HH24:MI:SS'), '경매물품 055', 5000, 0,  3000, '홍길동52', '010-3774-3500', '경매물품 055 - 상세내용입니다');
insert into kobayAuction( memberUnq, auctionUnq, lCtg, mCtg, sDate, eDate, aucTitle, sPrice, deliveryWay, deliveryFee, sellerName, sellerPhone, aucDetail ) values( 44, auction_seq.nextval, 'A02', 'A0204', to_date('2017-11-27 00:30:00', 'YYYY-MM-DD HH24:MI:SS'), to_date('2017-12-06 22:00:00', 'YYYY-MM-DD HH24:MI:SS'), '경매물품 056', 2000, 0,  3000, '홍길동70', '010-6989-0654', '경매물품 056 - 상세내용입니다');
insert into kobayAuction( memberUnq, auctionUnq, lCtg, mCtg, sDate, eDate, aucTitle, sPrice, deliveryWay, deliveryFee, sellerName, sellerPhone, aucDetail ) values( 55, auction_seq.nextval, 'A01', 'A0109', to_date('2017-10-07 09:00:00', 'YYYY-MM-DD HH24:MI:SS'), to_date('2017-10-16 20:30:00', 'YYYY-MM-DD HH24:MI:SS'), '경매물품 057', 5000, 0,  3500, '홍길동85', '010-9412-5648', '경매물품 057 - 상세내용입니다');
insert into kobayAuction( memberUnq, auctionUnq, lCtg, mCtg, sDate, eDate, aucTitle, sPrice, deliveryWay, deliveryFee, sellerName, sellerPhone, aucDetail ) values( 49, auction_seq.nextval, 'A04', 'A0405', to_date('2017-10-11 17:30:00', 'YYYY-MM-DD HH24:MI:SS'), to_date('2017-10-20 17:30:00', 'YYYY-MM-DD HH24:MI:SS'), '경매물품 058', 5000, 1,  0, '홍길동68', '010-2290-8835', '경매물품 058 - 상세내용입니다');
insert into kobayAuction( memberUnq, auctionUnq, lCtg, mCtg, sDate, eDate, aucTitle, sPrice, deliveryWay, deliveryFee, sellerName, sellerPhone, aucDetail ) values( 3, auction_seq.nextval, 'A04', 'A0401', to_date('2017-11-14 12:00:00', 'YYYY-MM-DD HH24:MI:SS'), to_date('2017-11-23 23:30:00', 'YYYY-MM-DD HH24:MI:SS'), '경매물품 059', 1000, 1,  0, '홍길동97', '010-0734-2366', '경매물품 059 - 상세내용입니다');
insert into kobayAuction( memberUnq, auctionUnq, lCtg, mCtg, sDate, eDate, aucTitle, sPrice, deliveryWay, deliveryFee, sellerName, sellerPhone, aucDetail ) values( 20, auction_seq.nextval, 'A04', 'A0405', to_date('2017-10-11 19:30:00', 'YYYY-MM-DD HH24:MI:SS'), to_date('2017-10-20 23:00:00', 'YYYY-MM-DD HH24:MI:SS'), '경매물품 060', 5000, 0,  3000, '홍길동8', '010-3499-1657', '경매물품 060 - 상세내용입니다');
insert into kobayAuction( memberUnq, auctionUnq, lCtg, mCtg, sDate, eDate, aucTitle, sPrice, deliveryWay, deliveryFee, sellerName, sellerPhone, aucDetail ) values( 80, auction_seq.nextval, 'A03', 'A0305', to_date('2017-10-06 09:30:00', 'YYYY-MM-DD HH24:MI:SS'), to_date('2017-10-15 09:30:00', 'YYYY-MM-DD HH24:MI:SS'), '경매물품 061', 2000, 0,  0, '홍길동60', '010-1900-3774', '경매물품 061 - 상세내용입니다');
insert into kobayAuction( memberUnq, auctionUnq, lCtg, mCtg, sDate, eDate, aucTitle, sPrice, deliveryWay, deliveryFee, sellerName, sellerPhone, aucDetail ) values( 78, auction_seq.nextval, 'A07', 'A0702', to_date('2017-10-27 11:00:00', 'YYYY-MM-DD HH24:MI:SS'), to_date('2017-11-05 14:00:00', 'YYYY-MM-DD HH24:MI:SS'), '경매물품 062', 10000, 1,  0, '홍길동36', '010-6447-4640', '경매물품 062 - 상세내용입니다');
insert into kobayAuction( memberUnq, auctionUnq, lCtg, mCtg, sDate, eDate, aucTitle, sPrice, deliveryWay, deliveryFee, sellerName, sellerPhone, aucDetail ) values( 21, auction_seq.nextval, 'A01', 'A0104', to_date('2017-10-24 15:30:00', 'YYYY-MM-DD HH24:MI:SS'), to_date('2017-11-02 23:30:00', 'YYYY-MM-DD HH24:MI:SS'), '경매물품 063', 30000, 0,  3000, '홍길동96', '010-9162-8834', '경매물품 063 - 상세내용입니다');
insert into kobayAuction( memberUnq, auctionUnq, lCtg, mCtg, sDate, eDate, aucTitle, sPrice, deliveryWay, deliveryFee, sellerName, sellerPhone, aucDetail ) values( 4, auction_seq.nextval, 'A07', 'A0703', to_date('2017-10-09 23:00:00', 'YYYY-MM-DD HH24:MI:SS'), to_date('2017-10-18 06:30:00', 'YYYY-MM-DD HH24:MI:SS'), '경매물품 064', 10000, 1,  0, '홍길동55', '010-0154-7894', '경매물품 064 - 상세내용입니다');
insert into kobayAuction( memberUnq, auctionUnq, lCtg, mCtg, sDate, eDate, aucTitle, sPrice, deliveryWay, deliveryFee, sellerName, sellerPhone, aucDetail ) values( 49, auction_seq.nextval, 'A04', 'A0406', to_date('2017-10-29 12:00:00', 'YYYY-MM-DD HH24:MI:SS'), to_date('2017-11-07 12:00:00', 'YYYY-MM-DD HH24:MI:SS'), '경매물품 065', 30000, 0,  3500, '홍길동78', '010-2931-4264', '경매물품 065 - 상세내용입니다');
insert into kobayAuction( memberUnq, auctionUnq, lCtg, mCtg, sDate, eDate, aucTitle, sPrice, deliveryWay, deliveryFee, sellerName, sellerPhone, aucDetail ) values( 71, auction_seq.nextval, 'A07', 'A0701', to_date('2017-10-23 19:00:00', 'YYYY-MM-DD HH24:MI:SS'), to_date('2017-11-01 11:00:00', 'YYYY-MM-DD HH24:MI:SS'), '경매물품 066', 30000, 0,  2000, '홍길동21', '010-6997-9130', '경매물품 066 - 상세내용입니다');
insert into kobayAuction( memberUnq, auctionUnq, lCtg, mCtg, sDate, eDate, aucTitle, sPrice, deliveryWay, deliveryFee, sellerName, sellerPhone, aucDetail ) values( 64, auction_seq.nextval, 'A04', 'A0405', to_date('2017-10-01 22:00:00', 'YYYY-MM-DD HH24:MI:SS'), to_date('2017-10-10 14:30:00', 'YYYY-MM-DD HH24:MI:SS'), '경매물품 067', 2000, 0,  2000, '홍길동45', '010-8319-2348', '경매물품 067 - 상세내용입니다');
insert into kobayAuction( memberUnq, auctionUnq, lCtg, mCtg, sDate, eDate, aucTitle, sPrice, deliveryWay, deliveryFee, sellerName, sellerPhone, aucDetail ) values( 14, auction_seq.nextval, 'A02', 'A0203', to_date('2017-10-07 10:30:00', 'YYYY-MM-DD HH24:MI:SS'), to_date('2017-10-16 09:30:00', 'YYYY-MM-DD HH24:MI:SS'), '경매물품 068', 5000, 0,  2000, '홍길동6', '010-5991-2496', '경매물품 068 - 상세내용입니다');
insert into kobayAuction( memberUnq, auctionUnq, lCtg, mCtg, sDate, eDate, aucTitle, sPrice, deliveryWay, deliveryFee, sellerName, sellerPhone, aucDetail ) values( 99, auction_seq.nextval, 'A02', 'A0204', to_date('2017-10-07 14:00:00', 'YYYY-MM-DD HH24:MI:SS'), to_date('2017-10-16 18:00:00', 'YYYY-MM-DD HH24:MI:SS'), '경매물품 069', 5000, 0,  3500, '홍길동66', '010-1393-5535', '경매물품 069 - 상세내용입니다');
insert into kobayAuction( memberUnq, auctionUnq, lCtg, mCtg, sDate, eDate, aucTitle, sPrice, deliveryWay, deliveryFee, sellerName, sellerPhone, aucDetail ) values( 53, auction_seq.nextval, 'A04', 'A0404', to_date('2017-10-23 12:30:00', 'YYYY-MM-DD HH24:MI:SS'), to_date('2017-11-01 20:30:00', 'YYYY-MM-DD HH24:MI:SS'), '경매물품 070', 20000, 0,  0, '홍길동81', '010-8306-0759', '경매물품 070 - 상세내용입니다');
insert into kobayAuction( memberUnq, auctionUnq, lCtg, mCtg, sDate, eDate, aucTitle, sPrice, deliveryWay, deliveryFee, sellerName, sellerPhone, aucDetail ) values( 32, auction_seq.nextval, 'A04', 'A0402', to_date('2017-10-25 02:00:00', 'YYYY-MM-DD HH24:MI:SS'), to_date('2017-11-03 09:00:00', 'YYYY-MM-DD HH24:MI:SS'), '경매물품 071', 5000, 0,  3500, '홍길동43', '010-1733-0314', '경매물품 071 - 상세내용입니다');
insert into kobayAuction( memberUnq, auctionUnq, lCtg, mCtg, sDate, eDate, aucTitle, sPrice, deliveryWay, deliveryFee, sellerName, sellerPhone, aucDetail ) values( 7, auction_seq.nextval, 'A02', 'A0207', to_date('2017-10-18 12:30:00', 'YYYY-MM-DD HH24:MI:SS'), to_date('2017-10-27 11:30:00', 'YYYY-MM-DD HH24:MI:SS'), '경매물품 072', 5000, 0,  0, '홍길동90', '010-0015-4251', '경매물품 072 - 상세내용입니다');
insert into kobayAuction( memberUnq, auctionUnq, lCtg, mCtg, sDate, eDate, aucTitle, sPrice, deliveryWay, deliveryFee, sellerName, sellerPhone, aucDetail ) values( 96, auction_seq.nextval, 'A06', 'A0603', to_date('2017-10-29 13:00:00', 'YYYY-MM-DD HH24:MI:SS'), to_date('2017-11-07 21:30:00', 'YYYY-MM-DD HH24:MI:SS'), '경매물품 073', 10000, 1,  0, '홍길동23', '010-4783-3831', '경매물품 073 - 상세내용입니다');
insert into kobayAuction( memberUnq, auctionUnq, lCtg, mCtg, sDate, eDate, aucTitle, sPrice, deliveryWay, deliveryFee, sellerName, sellerPhone, aucDetail ) values( 13, auction_seq.nextval, 'A07', 'A0701', to_date('2017-11-29 22:30:00', 'YYYY-MM-DD HH24:MI:SS'), to_date('2017-12-08 03:30:00', 'YYYY-MM-DD HH24:MI:SS'), '경매물품 074', 5000, 0,  2500, '홍길동80', '010-1282-6739', '경매물품 074 - 상세내용입니다');
insert into kobayAuction( memberUnq, auctionUnq, lCtg, mCtg, sDate, eDate, aucTitle, sPrice, deliveryWay, deliveryFee, sellerName, sellerPhone, aucDetail ) values( 55, auction_seq.nextval, 'A06', 'A0603', to_date('2017-10-05 16:30:00', 'YYYY-MM-DD HH24:MI:SS'), to_date('2017-10-14 07:30:00', 'YYYY-MM-DD HH24:MI:SS'), '경매물품 075', 1000, 0,  3500, '홍길동6', '010-8073-3238', '경매물품 075 - 상세내용입니다');
insert into kobayAuction( memberUnq, auctionUnq, lCtg, mCtg, sDate, eDate, aucTitle, sPrice, deliveryWay, deliveryFee, sellerName, sellerPhone, aucDetail ) values( 36, auction_seq.nextval, 'A04', 'A0405', to_date('2017-10-19 07:00:00', 'YYYY-MM-DD HH24:MI:SS'), to_date('2017-10-28 07:00:00', 'YYYY-MM-DD HH24:MI:SS'), '경매물품 076', 3000, 0,  0, '홍길동38', '010-6470-7688', '경매물품 076 - 상세내용입니다');
insert into kobayAuction( memberUnq, auctionUnq, lCtg, mCtg, sDate, eDate, aucTitle, sPrice, deliveryWay, deliveryFee, sellerName, sellerPhone, aucDetail ) values( 1, auction_seq.nextval, 'A07', 'A0703', to_date('2017-10-30 03:00:00', 'YYYY-MM-DD HH24:MI:SS'), to_date('2017-11-08 06:30:00', 'YYYY-MM-DD HH24:MI:SS'), '경매물품 077', 30000, 0,  0, '홍길동73', '010-5350-1841', '경매물품 077 - 상세내용입니다');
insert into kobayAuction( memberUnq, auctionUnq, lCtg, mCtg, sDate, eDate, aucTitle, sPrice, deliveryWay, deliveryFee, sellerName, sellerPhone, aucDetail ) values( 94, auction_seq.nextval, 'A07', 'A0701', to_date('2017-11-27 18:30:00', 'YYYY-MM-DD HH24:MI:SS'), to_date('2017-12-06 07:30:00', 'YYYY-MM-DD HH24:MI:SS'), '경매물품 078', 500, 0,  2000, '홍길동67', '010-2337-8363', '경매물품 078 - 상세내용입니다');
insert into kobayAuction( memberUnq, auctionUnq, lCtg, mCtg, sDate, eDate, aucTitle, sPrice, deliveryWay, deliveryFee, sellerName, sellerPhone, aucDetail ) values( 50, auction_seq.nextval, 'A02', 'A0204', to_date('2017-10-04 07:00:00', 'YYYY-MM-DD HH24:MI:SS'), to_date('2017-10-13 15:00:00', 'YYYY-MM-DD HH24:MI:SS'), '경매물품 079', 1000, 0,  2000, '홍길동71', '010-0262-4217', '경매물품 079 - 상세내용입니다');
insert into kobayAuction( memberUnq, auctionUnq, lCtg, mCtg, sDate, eDate, aucTitle, sPrice, deliveryWay, deliveryFee, sellerName, sellerPhone, aucDetail ) values( 49, auction_seq.nextval, 'A07', 'A0702', to_date('2017-10-18 02:30:00', 'YYYY-MM-DD HH24:MI:SS'), to_date('2017-10-27 17:30:00', 'YYYY-MM-DD HH24:MI:SS'), '경매물품 080', 30000, 0,  2500, '홍길동44', '010-7696-3457', '경매물품 080 - 상세내용입니다');
insert into kobayAuction( memberUnq, auctionUnq, lCtg, mCtg, sDate, eDate, aucTitle, sPrice, deliveryWay, deliveryFee, sellerName, sellerPhone, aucDetail ) values( 96, auction_seq.nextval, 'A07', 'A0705', to_date('2017-10-21 19:00:00', 'YYYY-MM-DD HH24:MI:SS'), to_date('2017-10-30 08:00:00', 'YYYY-MM-DD HH24:MI:SS'), '경매물품 081', 30000, 0,  3500, '홍길동56', '010-0330-6303', '경매물품 081 - 상세내용입니다');
insert into kobayAuction( memberUnq, auctionUnq, lCtg, mCtg, sDate, eDate, aucTitle, sPrice, deliveryWay, deliveryFee, sellerName, sellerPhone, aucDetail ) values( 41, auction_seq.nextval, 'A03', 'A0302', to_date('2017-11-23 10:30:00', 'YYYY-MM-DD HH24:MI:SS'), to_date('2017-12-02 16:30:00', 'YYYY-MM-DD HH24:MI:SS'), '경매물품 082', 500, 1,  0, '홍길동20', '010-0195-6675', '경매물품 082 - 상세내용입니다');
insert into kobayAuction( memberUnq, auctionUnq, lCtg, mCtg, sDate, eDate, aucTitle, sPrice, deliveryWay, deliveryFee, sellerName, sellerPhone, aucDetail ) values( 58, auction_seq.nextval, 'A06', 'A0606', to_date('2017-10-22 04:00:00', 'YYYY-MM-DD HH24:MI:SS'), to_date('2017-10-31 21:30:00', 'YYYY-MM-DD HH24:MI:SS'), '경매물품 083', 20000, 0,  3000, '홍길동51', '010-9017-3360', '경매물품 083 - 상세내용입니다');
insert into kobayAuction( memberUnq, auctionUnq, lCtg, mCtg, sDate, eDate, aucTitle, sPrice, deliveryWay, deliveryFee, sellerName, sellerPhone, aucDetail ) values( 37, auction_seq.nextval, 'A07', 'A0703', to_date('2017-09-19 13:30:00', 'YYYY-MM-DD HH24:MI:SS'), to_date('2017-09-28 05:30:00', 'YYYY-MM-DD HH24:MI:SS'), '경매물품 084', 1000, 1,  0, '홍길동76', '010-2265-4597', '경매물품 084 - 상세내용입니다');
insert into kobayAuction( memberUnq, auctionUnq, lCtg, mCtg, sDate, eDate, aucTitle, sPrice, deliveryWay, deliveryFee, sellerName, sellerPhone, aucDetail ) values( 1, auction_seq.nextval, 'A05', 'A0506', to_date('2017-10-12 23:00:00', 'YYYY-MM-DD HH24:MI:SS'), to_date('2017-10-21 00:30:00', 'YYYY-MM-DD HH24:MI:SS'), '경매물품 085', 1000, 0,  0, '홍길동85', '010-8616-4328', '경매물품 085 - 상세내용입니다');
insert into kobayAuction( memberUnq, auctionUnq, lCtg, mCtg, sDate, eDate, aucTitle, sPrice, deliveryWay, deliveryFee, sellerName, sellerPhone, aucDetail ) values( 47, auction_seq.nextval, 'A04', 'A0402', to_date('2017-10-13 02:00:00', 'YYYY-MM-DD HH24:MI:SS'), to_date('2017-10-22 16:00:00', 'YYYY-MM-DD HH24:MI:SS'), '경매물품 086', 500, 0,  3000, '홍길동60', '010-9427-5730', '경매물품 086 - 상세내용입니다');
insert into kobayAuction( memberUnq, auctionUnq, lCtg, mCtg, sDate, eDate, aucTitle, sPrice, deliveryWay, deliveryFee, sellerName, sellerPhone, aucDetail ) values( 99, auction_seq.nextval, 'A07', 'A0703', to_date('2017-10-07 08:30:00', 'YYYY-MM-DD HH24:MI:SS'), to_date('2017-10-16 17:30:00', 'YYYY-MM-DD HH24:MI:SS'), '경매물품 087', 2000, 0,  2000, '홍길동5', '010-8210-2513', '경매물품 087 - 상세내용입니다');
insert into kobayAuction( memberUnq, auctionUnq, lCtg, mCtg, sDate, eDate, aucTitle, sPrice, deliveryWay, deliveryFee, sellerName, sellerPhone, aucDetail ) values( 76, auction_seq.nextval, 'A06', 'A0606', to_date('2017-10-28 12:30:00', 'YYYY-MM-DD HH24:MI:SS'), to_date('2017-11-06 15:30:00', 'YYYY-MM-DD HH24:MI:SS'), '경매물품 088', 500, 0,  2500, '홍길동65', '010-0915-6680', '경매물품 088 - 상세내용입니다');
insert into kobayAuction( memberUnq, auctionUnq, lCtg, mCtg, sDate, eDate, aucTitle, sPrice, deliveryWay, deliveryFee, sellerName, sellerPhone, aucDetail ) values( 14, auction_seq.nextval, 'A07', 'A0701', to_date('2017-10-04 02:00:00', 'YYYY-MM-DD HH24:MI:SS'), to_date('2017-10-13 08:30:00', 'YYYY-MM-DD HH24:MI:SS'), '경매물품 089', 2000, 0,  3000, '홍길동24', '010-8027-2364', '경매물품 089 - 상세내용입니다');
insert into kobayAuction( memberUnq, auctionUnq, lCtg, mCtg, sDate, eDate, aucTitle, sPrice, deliveryWay, deliveryFee, sellerName, sellerPhone, aucDetail ) values( 27, auction_seq.nextval, 'A03', 'A0303', to_date('2017-10-21 00:00:00', 'YYYY-MM-DD HH24:MI:SS'), to_date('2017-10-30 14:00:00', 'YYYY-MM-DD HH24:MI:SS'), '경매물품 090', 30000, 0,  3000, '홍길동46', '010-7568-7546', '경매물품 090 - 상세내용입니다');
insert into kobayAuction( memberUnq, auctionUnq, lCtg, mCtg, sDate, eDate, aucTitle, sPrice, deliveryWay, deliveryFee, sellerName, sellerPhone, aucDetail ) values( 66, auction_seq.nextval, 'A04', 'A0406', to_date('2017-10-27 02:30:00', 'YYYY-MM-DD HH24:MI:SS'), to_date('2017-11-05 23:00:00', 'YYYY-MM-DD HH24:MI:SS'), '경매물품 091', 500, 0,  3000, '홍길동75', '010-8823-7626', '경매물품 091 - 상세내용입니다');
insert into kobayAuction( memberUnq, auctionUnq, lCtg, mCtg, sDate, eDate, aucTitle, sPrice, deliveryWay, deliveryFee, sellerName, sellerPhone, aucDetail ) values( 95, auction_seq.nextval, 'A07', 'A0704', to_date('2017-10-05 09:30:00', 'YYYY-MM-DD HH24:MI:SS'), to_date('2017-10-14 05:00:00', 'YYYY-MM-DD HH24:MI:SS'), '경매물품 092', 3000, 0,  2000, '홍길동77', '010-8061-6381', '경매물품 092 - 상세내용입니다');
insert into kobayAuction( memberUnq, auctionUnq, lCtg, mCtg, sDate, eDate, aucTitle, sPrice, deliveryWay, deliveryFee, sellerName, sellerPhone, aucDetail ) values( 11, auction_seq.nextval, 'A04', 'A0404', to_date('2017-10-02 11:00:00', 'YYYY-MM-DD HH24:MI:SS'), to_date('2017-10-11 09:30:00', 'YYYY-MM-DD HH24:MI:SS'), '경매물품 093', 500, 0,  3000, '홍길동48', '010-1678-3215', '경매물품 093 - 상세내용입니다');
insert into kobayAuction( memberUnq, auctionUnq, lCtg, mCtg, sDate, eDate, aucTitle, sPrice, deliveryWay, deliveryFee, sellerName, sellerPhone, aucDetail ) values( 26, auction_seq.nextval, 'A03', 'A0304', to_date('2017-10-20 16:30:00', 'YYYY-MM-DD HH24:MI:SS'), to_date('2017-10-29 04:00:00', 'YYYY-MM-DD HH24:MI:SS'), '경매물품 094', 1000, 1,  0, '홍길동35', '010-2861-6985', '경매물품 094 - 상세내용입니다');
insert into kobayAuction( memberUnq, auctionUnq, lCtg, mCtg, sDate, eDate, aucTitle, sPrice, deliveryWay, deliveryFee, sellerName, sellerPhone, aucDetail ) values( 58, auction_seq.nextval, 'A06', 'A0605', to_date('2017-10-18 03:30:00', 'YYYY-MM-DD HH24:MI:SS'), to_date('2017-10-27 09:30:00', 'YYYY-MM-DD HH24:MI:SS'), '경매물품 095', 3000, 0,  2500, '홍길동71', '010-3384-1891', '경매물품 095 - 상세내용입니다');
insert into kobayAuction( memberUnq, auctionUnq, lCtg, mCtg, sDate, eDate, aucTitle, sPrice, deliveryWay, deliveryFee, sellerName, sellerPhone, aucDetail ) values( 87, auction_seq.nextval, 'A04', 'A0406', to_date('2017-10-28 17:00:00', 'YYYY-MM-DD HH24:MI:SS'), to_date('2017-11-06 05:00:00', 'YYYY-MM-DD HH24:MI:SS'), '경매물품 096', 30000, 0,  3000, '홍길동85', '010-3022-4837', '경매물품 096 - 상세내용입니다');
insert into kobayAuction( memberUnq, auctionUnq, lCtg, mCtg, sDate, eDate, aucTitle, sPrice, deliveryWay, deliveryFee, sellerName, sellerPhone, aucDetail ) values( 19, auction_seq.nextval, 'A07', 'A0705', to_date('2017-10-10 13:00:00', 'YYYY-MM-DD HH24:MI:SS'), to_date('2017-10-19 17:00:00', 'YYYY-MM-DD HH24:MI:SS'), '경매물품 097', 2000, 0,  3500, '홍길동79', '010-7540-2871', '경매물품 097 - 상세내용입니다');
insert into kobayAuction( memberUnq, auctionUnq, lCtg, mCtg, sDate, eDate, aucTitle, sPrice, deliveryWay, deliveryFee, sellerName, sellerPhone, aucDetail ) values( 87, auction_seq.nextval, 'A04', 'A0403', to_date('2017-10-06 09:30:00', 'YYYY-MM-DD HH24:MI:SS'), to_date('2017-10-15 06:30:00', 'YYYY-MM-DD HH24:MI:SS'), '경매물품 098', 20000, 0,  2000, '홍길동2', '010-6723-3347', '경매물품 098 - 상세내용입니다');
insert into kobayAuction( memberUnq, auctionUnq, lCtg, mCtg, sDate, eDate, aucTitle, sPrice, deliveryWay, deliveryFee, sellerName, sellerPhone, aucDetail ) values( 90, auction_seq.nextval, 'A01', 'A0106', to_date('2017-11-05 19:00:00', 'YYYY-MM-DD HH24:MI:SS'), to_date('2017-11-14 13:30:00', 'YYYY-MM-DD HH24:MI:SS'), '경매물품 099', 500, 0,  3000, '홍길동39', '010-7528-6369', '경매물품 099 - 상세내용입니다');
insert into kobayAuction( memberUnq, auctionUnq, lCtg, mCtg, sDate, eDate, aucTitle, sPrice, deliveryWay, deliveryFee, sellerName, sellerPhone, aucDetail ) values( 3, auction_seq.nextval, 'A02', 'A0206', to_date('2017-10-02 03:00:00', 'YYYY-MM-DD HH24:MI:SS'), to_date('2017-10-11 08:00:00', 'YYYY-MM-DD HH24:MI:SS'), '경매물품 100', 500, 1,  0, '홍길동32', '010-7822-2505', '경매물품 100 - 상세내용입니다');


